hi,bye,hi,hi,bye,hi,hi,bye,hi,hi,bye,hi,hi
hi,bye,hi,hi,bye,hi,hi,bye,hi,hi,bye,hi,hi
hi,bye,hi,hi,bye,hi,hi,bye,hi,hi,bye,hi,hi
hi,bye,hi,hi,bye,hi,hi,bye,hi,hi,bye,hi,hi
hi,bye,hi,hi,bye,hi,hi,bye,hi,hi,bye,hi,hi
hi,bye,hi,hi,bye,hi,hi,bye,hi,hi,bye,hi,hi
hi,bye,hi,hi,bye,hi,hi,bye,hi,hi,bye,hi,hi
hi,bye,hi,hi,bye,hi,hi,bye,hi,hi,bye,hi,hi
hi,bye,hi,hi,bye,hi,hi,bye,hi,hi,bye,hi,hi
hi,bye,hi,hi,bye,hi,hi,bye,hi,hi,bye,hi,hi
hi,bye,hi,hi,bye,hi,hi,bye,hi,hi,bye,hi,hi
hi,bye,hi,hi,bye,hi,hi,bye,hi,hi,bye,hi,hi
hi,bye,hi,hi,bye,hi,hi,bye,hi,hi,bye,hi,hi
hi,bye,hi,hi,bye,hi,hi,bye,hi,hi,bye,hi,hi
hi,bye,hi,hi,bye,hi,hi,bye,hi,hi,bye,hi,hi
hi,bye,hi,hi,bye,hi,hi,bye,hi,hi,bye,hi,hi
hi,bye,hi,hi,bye,hi,hi,bye,hi,hi,bye,hi,hi
hi,bye,hi,hi,bye,hi,hi,bye,hi,hi,bye,hi,hi
hi,bye,hi,hi,bye,hi,hi,bye,hi,hi,bye,hi,hi
hi,bye,hi,hi,bye,hi,hi,bye,hi,hi,bye,hi,hi
hi,bye,hi,hi,bye,hi,hi,bye,hi,hi,bye,hi,hi
hi,bye,hi,hi,bye,hi,hi,bye,hi,hi,bye,hi,hi
hi,bye,hi,hi,bye,hi,hi,bye,hi,hi,bye,hi,hi
hi,bye,hi,hi,bye,hi,hi,bye,hi,hi,bye,hi,hi
hi,bye,hi,hi,bye,hi,hi,bye,hi,hi,bye,hi,hi
